{"IcoMoonType":"selection","icons":[{"icon":{"paths":["M614.286 420.571c0 4.571-2.286 9.714-5.714 13.143l-266.286 266.286c-3.429 3.429-8.571 5.714-13.143 5.714s-9.714-2.286-13.143-5.714l-266.286-266.286c-3.429-3.429-5.714-8.571-5.714-13.143s2.286-9.714 5.714-13.143l28.571-28.571c3.429-3.429 8-5.714 13.143-5.714 4.571 0 9.714 2.286 13.143 5.714l224.571 224.571 224.571-224.571c3.429-3.429 8.571-5.714 13.143-5.714s9.714 2.286 13.143 5.714l28.571 28.571c3.429 3.429 5.714 8.571 5.714 13.143z"],"attrs":[{}],"width":658,"isMulticolor":false,"isMulticolor2":false,"tags":["angle-down"],"grid":14},"attrs":[{}],"properties":{"order":1,"id":0,"prevSize":28,"code":59648,"name":"angle-down"},"setIdx":0,"setId":2,"iconIdx":0}],"height":1024,"metadata":{"name":"icomoon"},"preferences":{"showGlyphs":true,"showQuickUse":true,"showQuickUse2":true,"showSVGs":true,"fontPref":{"prefix":"icon-","metadata":{"fontFamily":"icomoon"},"metrics":{"emSize":1024,"baseline":6.25,"whitespace":50},"embed":false},"imagePref":{"prefix":"icon-","png":true,"useClassSelector":true,"color":0,"bgColor":16777215,"classSelector":".icon"},"historySize":50,"showCodes":true,"gridSize":16}}